{
  "0": 1.9448173005219984,
  "1": 0.6730322580645162
}