,precision,recall,f1-score,support
NORMAL,0.9107981220657277,0.8290598290598291,0.8680089485458613,234.0
PNEUMONIA,0.902676399026764,0.9512820512820512,0.9263420724094882,390.0
accuracy,0.905448717948718,0.905448717948718,0.905448717948718,0.905448717948718
macro avg,0.9067372605462458,0.8901709401709401,0.8971755104776747,624.0
weighted avg,0.9057220451663753,0.905448717948718,0.9044671509606282,624.0
AUC-ROC,0.9670501862809556,,,
