,precision,recall,f1-score,support
NORMAL,0.9226519337016574,0.7136752136752137,0.8048192771084337,234.0
PNEUMONIA,0.8487584650112867,0.9641025641025641,0.9027611044417767,390.0
accuracy,0.8701923076923077,0.8701923076923077,0.8701923076923077,0.8701923076923077
macro avg,0.8857051993564721,0.8388888888888889,0.8537901907751052,624.0
weighted avg,0.8764685157701757,0.8701923076923077,0.866032919191773,624.0
AUC-ROC,0.9286653517422748,,,
