,precision,recall,f1-score,support
NORMAL,0.9154228855721394,0.7863247863247863,0.8459770114942529,234.0
PNEUMONIA,0.8817966903073287,0.9564102564102565,0.9175891758917589,390.0
accuracy,0.8926282051282052,0.8926282051282052,0.8926282051282052,0.8926282051282052
macro avg,0.898609787939734,0.8713675213675214,0.8817830936930059,624.0
weighted avg,0.8944065135316327,0.8926282051282052,0.8907346142426942,624.0
AUC-ROC,0.9511943896559281,,,
